{"cameraMode":{"drawMode":0,"name":"Shaded","section":"Shading Mode"},"sceneLighting":false,"audioPlay":false,"sceneViewState":{"showFog":true,"showMaterialUpdate":false,"showSkybox":false,"showFlares":true,"showImageEffects":true,"showParticleSystems":true},"in2DMode":false,"pivot":{"x":0.22577740252017976,"y":3.3922278881073,"z":1.4704567193984986},"rotation":{"x":0.10205117613077164,"y":-0.8382437825202942,"z":0.1681874394416809,"w":0.5086649060249329},"size":2.3464112281799318,"orthographic":true}